<?xml version="1.0" encoding="UTF-8" standalone="yes"?>
<addon id="repository.Tvplus" name="Tvplus" version="0.0.2" provider-name="Tvplus">
    <extension point="xbmc.addon.repository" name="Tvplus">
        <info>https://raw.githubusercontent.com/techsoftware666/wizard/master/addons.xml</info>
        <checksum>https://raw.githubusercontent.com/techsoftware666/wizard/master/addons.xml.md5</checksum>
        <datadir zip="true">https://raw.githubusercontent.com/techsoftware666/wizard/master</datadir>
    </extension>
    <extension point="xbmc.addon.metadata">
        <summary>Repositorio del addon TvPlus/summary>
        <description></description>
        <disclaimer></disclaimer>
        <platform>all</platform>
    </extension>
</addon>
